{
    "TFN": {
        "F":-0.172508,
        "O": -0.576740,
        "C": 0.398633,
        "S": 1.138611,
        "O1":-0.576740,
        "F1":-0.172508,
        "N":-0.732481,
        "O2":-0.576740,
        "F2":-0.172508,
        "S1":  1.138611,
        "O3":-0.576740,
        "F3":-0.172508,
        "F4":-0.172508,
        "C1": 0.398633,
        "F5":-0.172508
    },
    "N1C": {
        "C":0.305336,
        "C1":-0.256350,
        "H":0.252282,
        "C2":-0.154410,
        "H1":0.244179,
        "N":0.157138,
        "N1":-0.079126,
        "C3":-0.286381,
        "H2":0.154240,
        "H3":0.154240,
        "H4":0.154240,
        "C4":0.070989,
        "H5":0.088886,
        "H6":0.088886,
        "C5":-0.230719,
        "H7":0.097211,
        "H8":0.097211,
        "H9":0.097211,
        "C6":-0.550344,
        "H10":0.198427,
        "H11":0.198427,
        "H12":0.198427
    },
     "PC": {
        "C":0.346180,
        "C1":0.223330,
        "O":-0.462202,
        "H":0.020187,
        "H1":0.020187,
        "C2":0.906869,
        "O1":-0.473127,
        "O2":-0.551446,
        "C3":-0.512241,
        "H2":0.035995,
        "H3":0.148756,
        "H4":0.148756,
        "H5":0.148756
    }
}