{
  "TFN": {
    "F": -0.172508,
    "O": -0.576740,
    "C": 0.398633,
    "S": 1.138611,
    "O1": -0.576740,
    "F1": -0.172508,
    "N": -0.732481,
    "O2": -0.576740,
    "F2": -0.172508,
    "S1": 1.138611,
    "O3": -0.576740,
    "F3": -0.172508,
    "F4": -0.172508,
    "C1": 0.398633,
    "F5": -0.172508
  },
  "N1C": {
    "C": 0.305336,
    "C1": -0.256350,
    "H": 0.252282,
    "C2": -0.154410,
    "H1": 0.244179,
    "N": 0.157138,
    "N1": -0.079126,
    "C3": -0.286381,
    "H2": 0.154240,
    "H3": 0.154240,
    "H4": 0.154240,
    "C4": 0.070989,
    "H5": 0.088886,
    "H6": 0.088886,
    "C5": -0.230719,
    "H7": 0.097211,
    "H8": 0.097211,
    "H9": 0.097211,
    "C6": -0.550344,
    "H10": 0.198427,
    "H11": 0.198427,
    "H12": 0.198427
  },
  "PC": {
    "C": 0.346180,
    "C1": 0.223330,
    "O": -0.462202,
    "H": 0.020187,
    "H1": 0.020187,
    "C2": 0.906869,
    "O1": -0.473127,
    "O2": -0.551446,
    "C3": -0.512241,
    "H2": 0.035995,
    "H3": 0.148756,
    "H4": 0.148756,
    "H5": 0.148756
  },
  "MAG": {
    "Mg": 2
  },
  "ALU": {
    "Al": 2
  },
  "CHL": {
    "Cl": 2
  },
  "THF": {
    "C": 0.1995,
    "C1": 0.009,
    "C2": 0.009,
    "H": 0.001,
    "H1": 0.001,
    "C3": 0.1995,
    "H2": 0.001,
    "H3": 0.001,
    "O": -0.429,
    "H4": 0.002,
    "H5": 0.002,
    "H6": 0.002,
    "H7": 0.002
  },
  "ACN": {
    "C": 0.480,
    "N": -0.532,
    "C1": -0.479,
    "H": 0.177,
    "H1": 0.177,
    "H2": 0.177
  },
  "diglyme": {
    "O": -0.658000,
    "C": 0.4660000,
    "C1": 0.46600,
    "C2": 0.201000,
    "C3": 0.201000,
    "O1": -0.487000,
    "O2": -0.48700,
    "C4": 0.198000,
    "C5": 0.198000,
    "H": -0.0500,
    "H1": -0.0500,
    "H2": -0.0500,
    "H3": -0.0500,
    "H4": 0.00600,
    "H5": 0.006000,
    "H6": 0.006000,
    "H7": 0.006000,
    "H8": 0.013000,
    "H9": 0.01300,
    "H10": 0.01300,
    "H11": 0.01300,
    "H12": 0.01300,
    "H13": 0.01300
  },
  "tfsi": {
    "N": -0.6600,
    "S": 1.020,
    "O": -0.53,
    "O1": -0.530,
    "C": 0.350,
    "F": -0.1600,
    "F1": -0.160,
    "F2": -0.160,
    "S1": 1.020,
    "O2": -0.53,
    "O3": -0.53,
    "C1": 0.35,
    "F3": -0.16,
    "F4": -0.16,
    "F5": -0.160
  },
  "dcm": {
    "C": -0.412,
    "H": 0.249,
    "H1": 0.249,
    "Cl": -0.043,
    "Cl1": -0.043
  }
}
